pass90_confirmation_unit_key,entries,dominant_bucket,dominant_state,dominant_owner_type,review_scope,recommended_next_action,priority,groups,sample_candidates,pass91_unit_state,pass91_closed_entries,pass91_pending_entries,pass91_next_action
structural::StewCookingPotDialogueAlias::AudioCue,29,structural_lane_needs_exact_owner_or_scene,pending_exact_owner_scene_or_cutscene_name,family_romance_general,resolve_exact_family_romance_npc_branch,resolve exact npc by nested text branch or event flag,1,$47,StewCookingPotDialogueAlias_AudioCue_Entry000 | StewCookingPotDialogueAlias_AudioCue_Entry001 | StewCookingPotDialogueAlias_AudioCue_Entry002,pending,0,29,resolve exact NPC/family/romance/cutscene branch
structural::AudioCueMusicSequenceTable_B::AudioCue,16,structural_lane_needs_exact_owner_or_scene,pending_exact_owner_scene_or_cutscene_name,family_romance_general,resolve_exact_family_romance_npc_branch,resolve exact npc by nested text branch or event flag,1,$42,AudioCueMusicSequenceTable_B_AudioCue_Entry000 | AudioCueMusicSequenceTable_B_AudioCue_Entry001 | AudioCueMusicSequenceTable_B_AudioCue_Entry002,pending,0,16,resolve exact NPC/family/romance/cutscene branch
structural::CCObjectParam2DSetupCluster::ObjectParamSetup,16,structural_lane_needs_exact_owner_or_scene,pending_exact_owner_scene_or_cutscene_name,family_romance_general,resolve_exact_family_romance_npc_branch,resolve exact npc by nested text branch or event flag,1,$3E,CCObjectParam2DSetupCluster_ObjectParamSetup_Entry000 | CCObjectParam2DSetupCluster_ObjectParamSetup_Entry001 | CCObjectParam2DSetupCluster_ObjectParamSetup_Entry002,pending,0,16,resolve exact NPC/family/romance/cutscene branch
structural::CCObjectParam3SetupCluster::ObjectParamSetup,16,structural_lane_needs_exact_owner_or_scene,pending_exact_owner_scene_or_cutscene_name,family_romance_general,resolve_exact_family_romance_npc_branch,resolve exact npc by nested text branch or event flag,1,$16,CCObjectParam3SetupCluster_ObjectParamSetup_Entry000 | CCObjectParam3SetupCluster_ObjectParamSetup_Entry001 | CCObjectParam3SetupCluster_ObjectParamSetup_Entry002,pending,0,16,resolve exact NPC/family/romance/cutscene branch
structural::EventCore3TableDrivenSceneRouter::ScriptControlEntry,16,structural_lane_needs_exact_owner_or_scene,pending_exact_owner_scene_or_cutscene_name,family_romance_general,resolve_exact_family_romance_npc_branch,verify_eve_specific_branch_by_text_or_schedule_table,1,$12,EventCore3TableDrivenSceneRouter_ScriptControlEntry_Entry000 | EventCore3TableDrivenSceneRouter_ScriptControlEntry_Entry001 | EventCore3TableDrivenSceneRouter_ScriptControlEntry_Entry002,pending,0,16,resolve exact NPC/family/romance/cutscene branch
structural::GameStateTransitionBranchCluster::TransitionFlow,16,structural_lane_needs_exact_owner_or_scene,pending_exact_owner_scene_or_cutscene_name,family_romance_general,resolve_exact_family_romance_npc_branch,resolve exact npc by nested text branch or event flag,1,$2E,GameStateTransitionBranchCluster_TransitionFlow_Entry000 | GameStateTransitionBranchCluster_TransitionFlow_Entry001 | GameStateTransitionBranchCluster_TransitionFlow_Entry002,pending,0,16,resolve exact NPC/family/romance/cutscene branch
structural::JumpIf018FStateRouter::StateGateRouter,16,structural_lane_needs_exact_owner_or_scene,pending_exact_owner_scene_or_cutscene_name,family_romance_general,resolve_exact_family_romance_npc_branch,resolve exact npc by nested text branch or event flag,1,$3D,JumpIf018FStateRouter_StateGateRouter_Entry000 | JumpIf018FStateRouter_StateGateRouter_Entry001 | JumpIf018FStateRouter_StateGateRouter_Entry002,pending,0,16,resolve exact NPC/family/romance/cutscene branch
structural::MapTransitionDestinationRouter::TransitionFlow,16,structural_lane_needs_exact_owner_or_scene,pending_exact_owner_scene_or_cutscene_name,family_romance_general,resolve_exact_family_romance_npc_branch,resolve exact npc by nested text branch or event flag,1,$0D,MapTransitionDestinationRouter_TransitionFlow_Entry000 | MapTransitionDestinationRouter_TransitionFlow_Entry001 | MapTransitionDestinationRouter_TransitionFlow_Entry002,pending,0,16,resolve exact NPC/family/romance/cutscene branch
structural::MolePickupEventCluster::ScriptControlEntry,16,structural_lane_needs_exact_owner_or_scene,pending_exact_owner_scene_or_cutscene_name,family_romance_general,resolve_exact_family_romance_npc_branch,verify_eve_specific_branch_by_text_or_schedule_table,1,$20,MolePickupEventCluster_ScriptControlEntry_Entry000 | MolePickupEventCluster_ScriptControlEntry_Entry001 | MolePickupEventCluster_ScriptControlEntry_Entry002,pending,0,16,resolve exact NPC/family/romance/cutscene branch
structural::ParentsVisitCameraMotionCutsceneSetup::MotionOrVelocityUpdate,16,structural_lane_needs_exact_owner_or_scene,pending_exact_owner_scene_or_cutscene_name,family_romance_general,resolve_exact_family_romance_npc_branch,resolve exact npc by nested text branch or event flag,1,$09,ParentsVisitCameraMotionCutsceneSetup_MotionOrVelocityUpdate_Entry000 | ParentsVisitCameraMotionCutsceneSetup_MotionOrVelocityUpdate_Entry001 | ParentsVisitCameraMotionCutsceneSetup_MotionOrVelocityUpdate_Entry002,pending,0,16,resolve exact NPC/family/romance/cutscene branch
structural::StateGateFlagRouter_E7AF::StateGateRouter,16,structural_lane_needs_exact_owner_or_scene,pending_exact_owner_scene_or_cutscene_name,family_romance_general,resolve_exact_family_romance_npc_branch,resolve exact npc by nested text branch or event flag,1,$3F,StateGateFlagRouter_E7AF_StateGateRouter_Entry000 | StateGateFlagRouter_E7AF_StateGateRouter_Entry001 | StateGateFlagRouter_E7AF_StateGateRouter_Entry002,pending,0,16,resolve exact NPC/family/romance/cutscene branch
structural::TableDrivenEventScript_5FCluster_A::ScriptControlEntry,16,structural_lane_needs_exact_owner_or_scene,pending_exact_owner_scene_or_cutscene_name,family_romance_general,resolve_exact_family_romance_npc_branch,verify_eve_specific_branch_by_text_or_schedule_table,1,$1E,TableDrivenEventScript_5FCluster_A_ScriptControlEntry_Entry000 | TableDrivenEventScript_5FCluster_A_ScriptControlEntry_Entry001 | TableDrivenEventScript_5FCluster_A_ScriptControlEntry_Entry002,pending,0,16,resolve exact NPC/family/romance/cutscene branch
structural::TableDrivenEventScript_9ACluster::ScriptControlEntry,16,structural_lane_needs_exact_owner_or_scene,pending_exact_owner_scene_or_cutscene_name,family_romance_general,resolve_exact_family_romance_npc_branch,verify_eve_specific_branch_by_text_or_schedule_table,1,$1D,TableDrivenEventScript_9ACluster_ScriptControlEntry_Entry000 | TableDrivenEventScript_9ACluster_ScriptControlEntry_Entry001 | TableDrivenEventScript_9ACluster_ScriptControlEntry_Entry002,pending,0,16,resolve exact NPC/family/romance/cutscene branch
structural::TableDrivenEventScript_B5Cluster::ScriptControlEntry,16,structural_lane_needs_exact_owner_or_scene,pending_exact_owner_scene_or_cutscene_name,family_romance_general,resolve_exact_family_romance_npc_branch,verify_eve_specific_branch_by_text_or_schedule_table,1,$18,TableDrivenEventScript_B5Cluster_ScriptControlEntry_Entry000 | TableDrivenEventScript_B5Cluster_ScriptControlEntry_Entry001 | TableDrivenEventScript_B5Cluster_ScriptControlEntry_Entry002,pending,0,16,resolve exact NPC/family/romance/cutscene branch
structural::TableDrivenEventScript_C0Cluster::ScriptControlEntry,16,structural_lane_needs_exact_owner_or_scene,pending_exact_owner_scene_or_cutscene_name,family_romance_general,resolve_exact_family_romance_npc_branch,verify_eve_specific_branch_by_text_or_schedule_table,1,$11,TableDrivenEventScript_C0Cluster_ScriptControlEntry_Entry000 | TableDrivenEventScript_C0Cluster_ScriptControlEntry_Entry001 | TableDrivenEventScript_C0Cluster_ScriptControlEntry_Entry002,pending,0,16,resolve exact NPC/family/romance/cutscene branch
structural::TableDrivenEventScript_D3Cluster::ScriptControlEntry,16,structural_lane_needs_exact_owner_or_scene,pending_exact_owner_scene_or_cutscene_name,family_romance_general,resolve_exact_family_romance_npc_branch,verify_eve_specific_branch_by_text_or_schedule_table,1,$1A,TableDrivenEventScript_D3Cluster_ScriptControlEntry_Entry000 | TableDrivenEventScript_D3Cluster_ScriptControlEntry_Entry001 | TableDrivenEventScript_D3Cluster_ScriptControlEntry_Entry002,pending,0,16,resolve exact NPC/family/romance/cutscene branch
structural::TableDrivenEventScript_F2Cluster_A::ScriptControlEntry,16,structural_lane_needs_exact_owner_or_scene,pending_exact_owner_scene_or_cutscene_name,family_romance_general,resolve_exact_family_romance_npc_branch,verify_eve_specific_branch_by_text_or_schedule_table,1,$13,TableDrivenEventScript_F2Cluster_A_ScriptControlEntry_Entry000 | TableDrivenEventScript_F2Cluster_A_ScriptControlEntry_Entry001 | TableDrivenEventScript_F2Cluster_A_ScriptControlEntry_Entry002,pending,0,16,resolve exact NPC/family/romance/cutscene branch
structural::TableDrivenEventScript_F3Cluster::ScriptControlEntry,16,structural_lane_needs_exact_owner_or_scene,pending_exact_owner_scene_or_cutscene_name,family_romance_general,resolve_exact_family_romance_npc_branch,verify_eve_specific_branch_by_text_or_schedule_table,1,$19,TableDrivenEventScript_F3Cluster_ScriptControlEntry_Entry000 | TableDrivenEventScript_F3Cluster_ScriptControlEntry_Entry001 | TableDrivenEventScript_F3Cluster_ScriptControlEntry_Entry002,pending,0,16,resolve exact NPC/family/romance/cutscene branch
structural::TableDrivenEventScript_F8Cluster::ScriptControlEntry,16,structural_lane_needs_exact_owner_or_scene,pending_exact_owner_scene_or_cutscene_name,family_romance_general,resolve_exact_family_romance_npc_branch,verify_eve_specific_branch_by_text_or_schedule_table,1,$21,TableDrivenEventScript_F8Cluster_ScriptControlEntry_Entry000 | TableDrivenEventScript_F8Cluster_ScriptControlEntry_Entry001 | TableDrivenEventScript_F8Cluster_ScriptControlEntry_Entry002,pending,0,16,resolve exact NPC/family/romance/cutscene branch
structural::TableDrivenEventScript_Opcode88Cluster::ScriptControlEntry,16,structural_lane_needs_exact_owner_or_scene,pending_exact_owner_scene_or_cutscene_name,family_romance_general,resolve_exact_family_romance_npc_branch,verify_eve_specific_branch_by_text_or_schedule_table,1,$0C,TableDrivenEventScript_Opcode88Cluster_ScriptControlEntry_Entry000 | TableDrivenEventScript_Opcode88Cluster_ScriptControlEntry_Entry001 | TableDrivenEventScript_Opcode88Cluster_ScriptControlEntry_Entry002,pending,0,16,resolve exact NPC/family/romance/cutscene branch
structural::TableDrivenTransitionScript_D8Cluster_B::TransitionFlow,16,structural_lane_needs_exact_owner_or_scene,pending_exact_owner_scene_or_cutscene_name,family_romance_general,resolve_exact_family_romance_npc_branch,resolve exact npc by nested text branch or event flag,1,$29,TableDrivenTransitionScript_D8Cluster_B_TransitionFlow_Entry000 | TableDrivenTransitionScript_D8Cluster_B_TransitionFlow_Entry001 | TableDrivenTransitionScript_D8Cluster_B_TransitionFlow_Entry002,pending,0,16,resolve exact NPC/family/romance/cutscene branch
structural::ToolStopOrWaitInteractionCluster::ScriptControlEntry,16,structural_lane_needs_exact_owner_or_scene,pending_exact_owner_scene_or_cutscene_name,family_romance_general,resolve_exact_family_romance_npc_branch,resolve exact npc by nested text branch or event flag,1,$22,ToolStopOrWaitInteractionCluster_ScriptControlEntry_Entry000 | ToolStopOrWaitInteractionCluster_ScriptControlEntry_Entry001 | ToolStopOrWaitInteractionCluster_ScriptControlEntry_Entry002,pending,0,16,resolve exact NPC/family/romance/cutscene branch
structural::CrossBankStatePointerRouter_B::FlagUpdate,15,structural_lane_needs_exact_owner_or_scene,pending_exact_owner_scene_or_cutscene_name,family_romance_general,resolve_exact_family_romance_npc_branch,resolve exact npc by nested text branch or event flag,1,$2A,CrossBankStatePointerRouter_B_FlagUpdate_Entry001 | CrossBankStatePointerRouter_B_FlagUpdate_Entry002 | CrossBankStatePointerRouter_B_FlagUpdate_Entry003,pending,0,15,resolve exact NPC/family/romance/cutscene branch
structural::CutsceneObjectTransitionSetup::ObjectParamSetup,15,structural_lane_needs_exact_owner_or_scene,pending_exact_owner_scene_or_cutscene_name,family_romance_general,resolve_exact_family_romance_npc_branch,resolve exact npc by nested text branch or event flag,1,$25,CutsceneObjectTransitionSetup_ObjectParamSetup_Entry001 | CutsceneObjectTransitionSetup_ObjectParamSetup_Entry002 | CutsceneObjectTransitionSetup_ObjectParamSetup_Entry003,pending,0,15,resolve exact NPC/family/romance/cutscene branch
structural::EveFamilyRomanceDialogueSet::ScriptControlEntry,15,structural_lane_needs_exact_owner_or_scene,pending_exact_owner_scene_or_cutscene_name,family_romance_general,resolve_exact_family_romance_npc_branch,verify_eve_specific_branch_by_text_or_schedule_table,1,$05,EveFamilyRomanceDialogueSet_ScriptControlEntry_Entry001 | EveFamilyRomanceDialogueSet_ScriptControlEntry_Entry002 | EveFamilyRomanceDialogueSet_ScriptControlEntry_Entry003,pending,0,15,resolve exact NPC/family/romance/cutscene branch
structural::EventCore2TableDrivenSceneRouter::ScriptControlEntry,15,structural_lane_needs_exact_owner_or_scene,pending_exact_owner_scene_or_cutscene_name,family_romance_general,resolve_exact_family_romance_npc_branch,verify_eve_specific_branch_by_text_or_schedule_table,1,$10,EventCore2TableDrivenSceneRouter_ScriptControlEntry_Entry001 | EventCore2TableDrivenSceneRouter_ScriptControlEntry_Entry002 | EventCore2TableDrivenSceneRouter_ScriptControlEntry_Entry003,pending,0,15,resolve exact NPC/family/romance/cutscene branch
structural::ObjectAnimalHouseUpgradeDialogHub::ObjectParamSetup,15,structural_lane_needs_exact_owner_or_scene,pending_exact_owner_scene_or_cutscene_name,object_visual_setup,cross_with_gobj_final_sprite_table,cross_with_gobj_final_sprite_table,1,$00,ObjectAnimalHouseUpgradeDialogHub_ObjectParamSetup_Entry010 | ObjectAnimalHouseUpgradeDialogHub_ObjectParamSetup_Entry011 | ObjectAnimalHouseUpgradeDialogHub_ObjectParamSetup_Entry022,pending,0,15,cross with final GOBJ/sprite table
structural::RanchToolManualAndWorkResultDialogue::MotionOrVelocityUpdate,15,structural_lane_needs_exact_owner_or_scene,pending_exact_owner_scene_or_cutscene_name,family_romance_general,resolve_exact_family_romance_npc_branch,resolve exact npc by nested text branch or event flag,1,$15,RanchToolManualAndWorkResultDialogue_MotionOrVelocityUpdate_Entry001 | RanchToolManualAndWorkResultDialogue_MotionOrVelocityUpdate_Entry002 | RanchToolManualAndWorkResultDialogue_MotionOrVelocityUpdate_Entry003,pending,0,15,resolve exact NPC/family/romance/cutscene branch
structural::StateGateFlagRouter_C6F1::StateGateRouter,15,structural_lane_needs_exact_owner_or_scene,pending_exact_owner_scene_or_cutscene_name,family_romance_general,resolve_exact_family_romance_npc_branch,resolve exact npc by nested text branch or event flag,1,$2D,StateGateFlagRouter_C6F1_StateGateRouter_Entry001 | StateGateFlagRouter_C6F1_StateGateRouter_Entry002 | StateGateFlagRouter_C6F1_StateGateRouter_Entry003,pending,0,15,resolve exact NPC/family/romance/cutscene branch
structural::TableDrivenEventScript_5CCluster::ScriptControlEntry,15,structural_lane_needs_exact_owner_or_scene,pending_exact_owner_scene_or_cutscene_name,family_romance_general,resolve_exact_family_romance_npc_branch,verify_eve_specific_branch_by_text_or_schedule_table,1,$1C,TableDrivenEventScript_5CCluster_ScriptControlEntry_Entry000 | TableDrivenEventScript_5CCluster_ScriptControlEntry_Entry002 | TableDrivenEventScript_5CCluster_ScriptControlEntry_Entry003,pending,0,15,resolve exact NPC/family/romance/cutscene branch
structural::TableDrivenEventScript_5FCluster_B::ScriptControlEntry,15,structural_lane_needs_exact_owner_or_scene,pending_exact_owner_scene_or_cutscene_name,family_romance_general,resolve_exact_family_romance_npc_branch,verify_eve_specific_branch_by_text_or_schedule_table,1,$31,TableDrivenEventScript_5FCluster_B_ScriptControlEntry_Entry001 | TableDrivenEventScript_5FCluster_B_ScriptControlEntry_Entry002 | TableDrivenEventScript_5FCluster_B_ScriptControlEntry_Entry003,pending,0,15,resolve exact NPC/family/romance/cutscene branch
structural::TableDrivenEventScript_68Cluster::ScriptControlEntry,15,structural_lane_needs_exact_owner_or_scene,pending_exact_owner_scene_or_cutscene_name,family_romance_general,resolve_exact_family_romance_npc_branch,verify_eve_specific_branch_by_text_or_schedule_table,1,$2B,TableDrivenEventScript_68Cluster_ScriptControlEntry_Entry001 | TableDrivenEventScript_68Cluster_ScriptControlEntry_Entry002 | TableDrivenEventScript_68Cluster_ScriptControlEntry_Entry003,pending,0,15,resolve exact NPC/family/romance/cutscene branch
structural::TableDrivenEventScript_75Cluster::ScriptControlEntry,15,structural_lane_needs_exact_owner_or_scene,pending_exact_owner_scene_or_cutscene_name,family_romance_general,resolve_exact_family_romance_npc_branch,verify_eve_specific_branch_by_text_or_schedule_table,1,$23,TableDrivenEventScript_75Cluster_ScriptControlEntry_Entry001 | TableDrivenEventScript_75Cluster_ScriptControlEntry_Entry002 | TableDrivenEventScript_75Cluster_ScriptControlEntry_Entry003,pending,0,15,resolve exact NPC/family/romance/cutscene branch
structural::TableDrivenEventScript_76Cluster::ScriptControlEntry,15,structural_lane_needs_exact_owner_or_scene,pending_exact_owner_scene_or_cutscene_name,family_romance_general,resolve_exact_family_romance_npc_branch,verify_eve_specific_branch_by_text_or_schedule_table,1,$32,TableDrivenEventScript_76Cluster_ScriptControlEntry_Entry001 | TableDrivenEventScript_76Cluster_ScriptControlEntry_Entry002 | TableDrivenEventScript_76Cluster_ScriptControlEntry_Entry003,pending,0,15,resolve exact NPC/family/romance/cutscene branch
structural::TableDrivenEventScript_92Cluster::ScriptControlEntry,15,structural_lane_needs_exact_owner_or_scene,pending_exact_owner_scene_or_cutscene_name,family_romance_general,resolve_exact_family_romance_npc_branch,verify_eve_specific_branch_by_text_or_schedule_table,1,$39,TableDrivenEventScript_92Cluster_ScriptControlEntry_Entry001 | TableDrivenEventScript_92Cluster_ScriptControlEntry_Entry002 | TableDrivenEventScript_92Cluster_ScriptControlEntry_Entry003,pending,0,15,resolve exact NPC/family/romance/cutscene branch
structural::TableDrivenEventScript_A4Cluster::ScriptControlEntry,15,structural_lane_needs_exact_owner_or_scene,pending_exact_owner_scene_or_cutscene_name,family_romance_general,resolve_exact_family_romance_npc_branch,verify_eve_specific_branch_by_text_or_schedule_table,1,$2C,TableDrivenEventScript_A4Cluster_ScriptControlEntry_Entry001 | TableDrivenEventScript_A4Cluster_ScriptControlEntry_Entry002 | TableDrivenEventScript_A4Cluster_ScriptControlEntry_Entry003,pending,0,15,resolve exact NPC/family/romance/cutscene branch
structural::TableDrivenEventScript_CFCluster::ScriptControlEntry,15,structural_lane_needs_exact_owner_or_scene,pending_exact_owner_scene_or_cutscene_name,family_romance_general,resolve_exact_family_romance_npc_branch,verify_eve_specific_branch_by_text_or_schedule_table,1,$40,TableDrivenEventScript_CFCluster_ScriptControlEntry_Entry001 | TableDrivenEventScript_CFCluster_ScriptControlEntry_Entry002 | TableDrivenEventScript_CFCluster_ScriptControlEntry_Entry003,pending,0,15,resolve exact NPC/family/romance/cutscene branch
structural::TableDrivenEventScript_E3Cluster::ScriptControlEntry,15,structural_lane_needs_exact_owner_or_scene,pending_exact_owner_scene_or_cutscene_name,family_romance_general,resolve_exact_family_romance_npc_branch,verify_eve_specific_branch_by_text_or_schedule_table,1,$2F,TableDrivenEventScript_E3Cluster_ScriptControlEntry_Entry001 | TableDrivenEventScript_E3Cluster_ScriptControlEntry_Entry002 | TableDrivenEventScript_E3Cluster_ScriptControlEntry_Entry003,pending,0,15,resolve exact NPC/family/romance/cutscene branch
structural::TableDrivenEventScript_E5Cluster::ScriptControlEntry,15,structural_lane_needs_exact_owner_or_scene,pending_exact_owner_scene_or_cutscene_name,family_romance_general,resolve_exact_family_romance_npc_branch,verify_eve_specific_branch_by_text_or_schedule_table,1,$17,TableDrivenEventScript_E5Cluster_ScriptControlEntry_Entry001 | TableDrivenEventScript_E5Cluster_ScriptControlEntry_Entry002 | TableDrivenEventScript_E5Cluster_ScriptControlEntry_Entry003,pending,0,15,resolve exact NPC/family/romance/cutscene branch
structural::TableDrivenEventScript_EACluster::ScriptControlEntry,15,structural_lane_needs_exact_owner_or_scene,pending_exact_owner_scene_or_cutscene_name,family_romance_general,resolve_exact_family_romance_npc_branch,verify_eve_specific_branch_by_text_or_schedule_table,1,$33,TableDrivenEventScript_EACluster_ScriptControlEntry_Entry001 | TableDrivenEventScript_EACluster_ScriptControlEntry_Entry002 | TableDrivenEventScript_EACluster_ScriptControlEntry_Entry003,pending,0,15,resolve exact NPC/family/romance/cutscene branch
structural::TableDrivenEventScript_ECCluster::ScriptControlEntry,15,structural_lane_needs_exact_owner_or_scene,pending_exact_owner_scene_or_cutscene_name,family_romance_general,resolve_exact_family_romance_npc_branch,verify_eve_specific_branch_by_text_or_schedule_table,1,$36,TableDrivenEventScript_ECCluster_ScriptControlEntry_Entry001 | TableDrivenEventScript_ECCluster_ScriptControlEntry_Entry002 | TableDrivenEventScript_ECCluster_ScriptControlEntry_Entry003,pending,0,15,resolve exact NPC/family/romance/cutscene branch
structural::TableDrivenEventScript_F2Cluster_B::ScriptControlEntry,15,structural_lane_needs_exact_owner_or_scene,pending_exact_owner_scene_or_cutscene_name,family_romance_general,resolve_exact_family_romance_npc_branch,verify_eve_specific_branch_by_text_or_schedule_table,1,$1B,TableDrivenEventScript_F2Cluster_B_ScriptControlEntry_Entry000 | TableDrivenEventScript_F2Cluster_B_ScriptControlEntry_Entry002 | TableDrivenEventScript_F2Cluster_B_ScriptControlEntry_Entry003,pending,0,15,resolve exact NPC/family/romance/cutscene branch
structural::ToolSelectedEventToolMirrorRouter_B::ScriptControlEntry,15,structural_lane_needs_exact_owner_or_scene,pending_exact_owner_scene_or_cutscene_name,family_romance_general,resolve_exact_family_romance_npc_branch,verify_eve_specific_branch_by_text_or_schedule_table,1,$35,ToolSelectedEventToolMirrorRouter_B_ScriptControlEntry_Entry001 | ToolSelectedEventToolMirrorRouter_B_ScriptControlEntry_Entry002 | ToolSelectedEventToolMirrorRouter_B_ScriptControlEntry_Entry003,pending,0,15,resolve exact NPC/family/romance/cutscene branch
structural::ToolSelectedEventToolMirrorRouter_C::ScriptControlEntry,15,structural_lane_needs_exact_owner_or_scene,pending_exact_owner_scene_or_cutscene_name,family_romance_general,resolve_exact_family_romance_npc_branch,verify_eve_specific_branch_by_text_or_schedule_table,1,$37,ToolSelectedEventToolMirrorRouter_C_ScriptControlEntry_Entry001 | ToolSelectedEventToolMirrorRouter_C_ScriptControlEntry_Entry002 | ToolSelectedEventToolMirrorRouter_C_ScriptControlEntry_Entry003,pending,0,15,resolve exact NPC/family/romance/cutscene branch
structural::ToolSelectedEventToolMirrorRouter_D::ScriptControlEntry,15,structural_lane_needs_exact_owner_or_scene,pending_exact_owner_scene_or_cutscene_name,family_romance_general,resolve_exact_family_romance_npc_branch,verify_eve_specific_branch_by_text_or_schedule_table,1,$41,ToolSelectedEventToolMirrorRouter_D_ScriptControlEntry_Entry001 | ToolSelectedEventToolMirrorRouter_D_ScriptControlEntry_Entry002 | ToolSelectedEventToolMirrorRouter_D_ScriptControlEntry_Entry003,pending,0,15,resolve exact NPC/family/romance/cutscene branch
structural::AudioCueMusicSequenceTable_A::AudioCue,14,structural_lane_needs_exact_owner_or_scene,pending_exact_owner_scene_or_cutscene_name,family_romance_general,resolve_exact_family_romance_npc_branch,resolve exact npc by nested text branch or event flag,1,$0E,AudioCueMusicSequenceTable_A_AudioCue_Entry002 | AudioCueMusicSequenceTable_A_AudioCue_Entry003 | AudioCueMusicSequenceTable_A_AudioCue_Entry004,pending,0,14,resolve exact NPC/family/romance/cutscene branch
structural::B4InlineTileObjectPayloadCluster::ScriptControlEntry,14,structural_lane_needs_exact_owner_or_scene,pending_exact_owner_scene_or_cutscene_name,family_romance_general,resolve_exact_family_romance_npc_branch,resolve exact npc by nested text branch or event flag,1,$3C,B4InlineTileObjectPayloadCluster_ScriptControlEntry_Entry002 | B4InlineTileObjectPayloadCluster_ScriptControlEntry_Entry003 | B4InlineTileObjectPayloadCluster_ScriptControlEntry_Entry004,pending,0,14,resolve exact NPC/family/romance/cutscene branch
structural::MoneyChangeInteractionCluster::ScriptControlEntry,14,structural_lane_needs_exact_owner_or_scene,pending_exact_owner_scene_or_cutscene_name,family_romance_general,resolve_exact_family_romance_npc_branch,resolve exact npc by nested text branch or event flag,1,$3A,MoneyChangeInteractionCluster_ScriptControlEntry_Entry002 | MoneyChangeInteractionCluster_ScriptControlEntry_Entry003 | MoneyChangeInteractionCluster_ScriptControlEntry_Entry004,pending,0,14,resolve exact NPC/family/romance/cutscene branch
structural::StewCookingPotEventDialogue::ScriptControlEntry,14,structural_lane_needs_exact_owner_or_scene,pending_exact_owner_scene_or_cutscene_name,family_romance_general,resolve_exact_family_romance_npc_branch,verify_eve_specific_branch_by_text_or_schedule_table,1,$26,StewCookingPotEventDialogue_ScriptControlEntry_Entry002 | StewCookingPotEventDialogue_ScriptControlEntry_Entry003 | StewCookingPotEventDialogue_ScriptControlEntry_Entry004,pending,0,14,resolve exact NPC/family/romance/cutscene branch
structural::TableDrivenEventScript_EDCluster::ScriptControlEntry,14,structural_lane_needs_exact_owner_or_scene,pending_exact_owner_scene_or_cutscene_name,family_romance_general,resolve_exact_family_romance_npc_branch,verify_eve_specific_branch_by_text_or_schedule_table,1,$3B,TableDrivenEventScript_EDCluster_ScriptControlEntry_Entry002 | TableDrivenEventScript_EDCluster_ScriptControlEntry_Entry003 | TableDrivenEventScript_EDCluster_ScriptControlEntry_Entry004,pending,0,14,resolve exact NPC/family/romance/cutscene branch
structural::MarriageChurchBlueFeatherDialogueMatrix::FlagUpdate,13,structural_lane_needs_exact_owner_or_scene,pending_exact_owner_scene_or_cutscene_name,family_romance_general,resolve_exact_family_romance_npc_branch,resolve_exact_bachelorette_or_family_member_by_nested_text_branch,1,$03,MarriageChurchBlueFeatherDialogueMatrix_FlagUpdate_Entry003 | MarriageChurchBlueFeatherDialogueMatrix_FlagUpdate_Entry004 | MarriageChurchBlueFeatherDialogueMatrix_FlagUpdate_Entry005,pending,0,13,resolve exact NPC/family/romance/cutscene branch
structural::CrossBankStatePointerRouter_A::FlagUpdate,12,structural_lane_needs_exact_owner_or_scene,pending_exact_owner_scene_or_cutscene_name,family_romance_general,resolve_exact_family_romance_npc_branch,resolve exact npc by nested text branch or event flag,1,$28,CrossBankStatePointerRouter_A_FlagUpdate_Entry004 | CrossBankStatePointerRouter_A_FlagUpdate_Entry005 | CrossBankStatePointerRouter_A_FlagUpdate_Entry006,pending,0,12,resolve exact NPC/family/romance/cutscene branch
structural::MountainAnglerFishingSignDialogue::ScriptControlEntry,12,structural_lane_needs_exact_owner_or_scene,pending_exact_owner_scene_or_cutscene_name,family_romance_general,resolve_exact_family_romance_npc_branch,resolve exact npc by nested text branch or event flag,1,$0B,MountainAnglerFishingSignDialogue_ScriptControlEntry_Entry000 | MountainAnglerFishingSignDialogue_ScriptControlEntry_Entry001 | MountainAnglerFishingSignDialogue_ScriptControlEntry_Entry002,pending,0,12,resolve exact NPC/family/romance/cutscene branch
structural::StateGateFlagRouter_MiscA::StateGateRouter,12,structural_lane_needs_exact_owner_or_scene,pending_exact_owner_scene_or_cutscene_name,family_romance_general,resolve_exact_family_romance_npc_branch,resolve exact npc by nested text branch or event flag,1,$14,StateGateFlagRouter_MiscA_StateGateRouter_Entry000 | StateGateFlagRouter_MiscA_StateGateRouter_Entry005 | StateGateFlagRouter_MiscA_StateGateRouter_Entry006,pending,0,12,resolve exact NPC/family/romance/cutscene branch
structural::TableDrivenEventScript_EBCluster::ScriptControlEntry,12,structural_lane_needs_exact_owner_or_scene,pending_exact_owner_scene_or_cutscene_name,family_romance_general,resolve_exact_family_romance_npc_branch,verify_eve_specific_branch_by_text_or_schedule_table,1,$27,TableDrivenEventScript_EBCluster_ScriptControlEntry_Entry004 | TableDrivenEventScript_EBCluster_ScriptControlEntry_Entry005 | TableDrivenEventScript_EBCluster_ScriptControlEntry_Entry006,pending,0,12,resolve exact NPC/family/romance/cutscene branch
structural::FamilyRomanceDialogueMatrix_A::ScriptControlEntry,11,structural_lane_needs_exact_owner_or_scene,pending_exact_owner_scene_or_cutscene_name,family_romance_general,resolve_exact_family_romance_npc_branch,resolve exact npc by nested text branch or event flag,1,$02,FamilyRomanceDialogueMatrix_A_ScriptControlEntry_Entry005 | FamilyRomanceDialogueMatrix_A_ScriptControlEntry_Entry006 | FamilyRomanceDialogueMatrix_A_ScriptControlEntry_Entry007,pending,0,11,resolve exact NPC/family/romance/cutscene branch
structural::GiftReactionHouseFamilyDialogRouter::ScriptControlEntry,11,structural_lane_needs_exact_owner_or_scene,pending_exact_owner_scene_or_cutscene_name,family_romance_general,resolve_exact_family_romance_npc_branch,resolve exact npc by nested text branch or event flag,1,$43,GiftReactionHouseFamilyDialogRouter_ScriptControlEntry_Entry005 | GiftReactionHouseFamilyDialogRouter_ScriptControlEntry_Entry006 | GiftReactionHouseFamilyDialogRouter_ScriptControlEntry_Entry007,pending,0,11,resolve exact NPC/family/romance/cutscene branch
structural::FamilyCelebrationBirthdayDialogues::FlagUpdate,10,structural_lane_needs_exact_owner_or_scene,pending_exact_owner_scene_or_cutscene_name,family_romance_general,resolve_exact_family_romance_npc_branch,resolve exact npc by nested text branch or event flag,1,$45,FamilyCelebrationBirthdayDialogues_FlagUpdate_Entry006 | FamilyCelebrationBirthdayDialogues_FlagUpdate_Entry007 | FamilyCelebrationBirthdayDialogues_FlagUpdate_Entry008,pending,0,10,resolve exact NPC/family/romance/cutscene branch
structural::TableDrivenCutsceneObjectScript_FA::ScriptControlEntry,10,structural_lane_needs_exact_owner_or_scene,pending_exact_owner_scene_or_cutscene_name,family_romance_general,resolve_exact_family_romance_npc_branch,resolve exact npc by nested text branch or event flag,1,$0A,TableDrivenCutsceneObjectScript_FA_ScriptControlEntry_Entry006 | TableDrivenCutsceneObjectScript_FA_ScriptControlEntry_Entry007 | TableDrivenCutsceneObjectScript_FA_ScriptControlEntry_Entry008,pending,0,10,resolve exact NPC/family/romance/cutscene branch
structural::TableDrivenTransitionScript_D8Cluster_A::TransitionFlow,10,structural_lane_needs_exact_owner_or_scene,pending_exact_owner_scene_or_cutscene_name,family_romance_general,resolve_exact_family_romance_npc_branch,resolve exact npc by nested text branch or event flag,1,$0F,TableDrivenTransitionScript_D8Cluster_A_TransitionFlow_Entry006 | TableDrivenTransitionScript_D8Cluster_A_TransitionFlow_Entry007 | TableDrivenTransitionScript_D8Cluster_A_TransitionFlow_Entry008,pending,0,10,resolve exact NPC/family/romance/cutscene branch
structural::TableDrivenTransitionScript_D8Cluster_A::VisualObjectSetup,6,structural_lane_needs_exact_owner_or_scene,pending_exact_owner_scene_or_cutscene_name,family_romance_general,cross_with_gobj_final_sprite_table,cross_with_gobj_final_sprite_table,1,$0F,TableDrivenTransitionScript_D8Cluster_A_VisualObjectSetup_Entry000 | TableDrivenTransitionScript_D8Cluster_A_VisualObjectSetup_Entry001 | TableDrivenTransitionScript_D8Cluster_A_VisualObjectSetup_Entry002,pending,0,6,cross with final GOBJ/sprite table
structural::CrossBankStatePointerRouter_A::VisualObjectSetup,4,structural_lane_needs_exact_owner_or_scene,pending_exact_owner_scene_or_cutscene_name,family_romance_general,cross_with_gobj_final_sprite_table,cross_with_gobj_final_sprite_table,1,$28,CrossBankStatePointerRouter_A_VisualObjectSetup_Entry000 | CrossBankStatePointerRouter_A_VisualObjectSetup_Entry001 | CrossBankStatePointerRouter_A_VisualObjectSetup_Entry002,pending,0,4,cross with final GOBJ/sprite table
structural::FamilyCelebrationBirthdayDialogues::StateGateRouter,4,structural_lane_needs_exact_owner_or_scene,pending_exact_owner_scene_or_cutscene_name,family_romance_general,resolve_exact_family_romance_npc_branch,resolve exact npc by nested text branch or event flag,1,$45,FamilyCelebrationBirthdayDialogues_StateGateRouter_Entry001 | FamilyCelebrationBirthdayDialogues_StateGateRouter_Entry002 | FamilyCelebrationBirthdayDialogues_StateGateRouter_Entry004,pending,0,4,resolve exact NPC/family/romance/cutscene branch
structural::StateGateFlagRouter_MiscA::VisualObjectSetup,4,structural_lane_needs_exact_owner_or_scene,pending_exact_owner_scene_or_cutscene_name,family_romance_general,cross_with_gobj_final_sprite_table,cross_with_gobj_final_sprite_table,1,$14,StateGateFlagRouter_MiscA_VisualObjectSetup_Entry001 | StateGateFlagRouter_MiscA_VisualObjectSetup_Entry002 | StateGateFlagRouter_MiscA_VisualObjectSetup_Entry003,pending,0,4,cross with final GOBJ/sprite table
structural::TableDrivenCutsceneObjectScript_FA::VisualObjectSetup,4,structural_lane_needs_exact_owner_or_scene,pending_exact_owner_scene_or_cutscene_name,family_romance_general,cross_with_gobj_final_sprite_table,cross_with_gobj_final_sprite_table,1,$0A,TableDrivenCutsceneObjectScript_FA_VisualObjectSetup_Entry000 | TableDrivenCutsceneObjectScript_FA_VisualObjectSetup_Entry001 | TableDrivenCutsceneObjectScript_FA_VisualObjectSetup_Entry002,pending,0,4,cross with final GOBJ/sprite table
structural::TableDrivenEventScript_EBCluster::VisualObjectSetup,4,structural_lane_needs_exact_owner_or_scene,pending_exact_owner_scene_or_cutscene_name,family_romance_general,cross_with_gobj_final_sprite_table,cross_with_gobj_final_sprite_table,1,$27,TableDrivenEventScript_EBCluster_VisualObjectSetup_Entry000 | TableDrivenEventScript_EBCluster_VisualObjectSetup_Entry001 | TableDrivenEventScript_EBCluster_VisualObjectSetup_Entry002,pending,0,4,cross with final GOBJ/sprite table
structural::AudioCueMusicSequenceTable_A::VisualObjectSetup,2,structural_lane_needs_exact_owner_or_scene,pending_exact_owner_scene_or_cutscene_name,family_romance_general,cross_with_gobj_final_sprite_table,cross_with_gobj_final_sprite_table,1,$0E,AudioCueMusicSequenceTable_A_VisualObjectSetup_Entry000 | AudioCueMusicSequenceTable_A_VisualObjectSetup_Entry001,pending,0,2,cross with final GOBJ/sprite table
structural::B4InlineTileObjectPayloadCluster::AudioCue,2,structural_lane_needs_exact_owner_or_scene,pending_exact_owner_scene_or_cutscene_name,family_romance_general,resolve_exact_family_romance_npc_branch,resolve exact npc by nested text branch or event flag,1,$3C,B4InlineTileObjectPayloadCluster_AudioCue_Entry000 | B4InlineTileObjectPayloadCluster_AudioCue_Entry001,pending,0,2,resolve exact NPC/family/romance/cutscene branch
structural::MoneyChangeInteractionCluster::AudioCue,2,structural_lane_needs_exact_owner_or_scene,pending_exact_owner_scene_or_cutscene_name,family_romance_general,resolve_exact_family_romance_npc_branch,resolve exact npc by nested text branch or event flag,1,$3A,MoneyChangeInteractionCluster_AudioCue_Entry000 | MoneyChangeInteractionCluster_AudioCue_Entry001,pending,0,2,resolve exact NPC/family/romance/cutscene branch
structural::StewCookingPotDialogueAlias::ScriptControlEntry,2,structural_lane_needs_exact_owner_or_scene,pending_exact_owner_scene_or_cutscene_name,family_romance_general,resolve_exact_family_romance_npc_branch,resolve exact npc by nested text branch or event flag,1,$47,StewCookingPotDialogueAlias_ScriptControlEntry_Entry030 | StewCookingPotDialogueAlias_ScriptControlEntry_Entry031,pending,0,2,resolve exact NPC/family/romance/cutscene branch
structural::TableDrivenCutsceneObjectScript_FA::TransitionFlow,2,structural_lane_needs_exact_owner_or_scene,pending_exact_owner_scene_or_cutscene_name,family_romance_general,resolve_exact_family_romance_npc_branch,resolve exact npc by nested text branch or event flag,1,$0A,TableDrivenCutsceneObjectScript_FA_TransitionFlow_Entry004 | TableDrivenCutsceneObjectScript_FA_TransitionFlow_Entry005,pending,0,2,resolve exact NPC/family/romance/cutscene branch
structural::TableDrivenEventScript_EDCluster::AudioCue,2,structural_lane_needs_exact_owner_or_scene,pending_exact_owner_scene_or_cutscene_name,family_romance_general,resolve_exact_family_romance_npc_branch,verify_eve_specific_branch_by_text_or_schedule_table,1,$3B,TableDrivenEventScript_EDCluster_AudioCue_Entry000 | TableDrivenEventScript_EDCluster_AudioCue_Entry001,pending,0,2,resolve exact NPC/family/romance/cutscene branch
structural::CutsceneObjectTransitionSetup::MotionOrVelocityUpdate,1,structural_lane_needs_exact_owner_or_scene,pending_exact_owner_scene_or_cutscene_name,family_romance_general,resolve_exact_family_romance_npc_branch,resolve exact npc by nested text branch or event flag,1,$25,CutsceneObjectTransitionSetup_MotionOrVelocityUpdate_Entry000,pending,0,1,resolve exact NPC/family/romance/cutscene branch
structural::EventCore2TableDrivenSceneRouter::TransitionFlow,1,structural_lane_needs_exact_owner_or_scene,pending_exact_owner_scene_or_cutscene_name,family_romance_general,resolve_exact_family_romance_npc_branch,verify_eve_specific_branch_by_text_or_schedule_table,1,$10,EventCore2TableDrivenSceneRouter_TransitionFlow_Entry000,pending,0,1,resolve exact NPC/family/romance/cutscene branch
structural::MountainAnglerFishingSignDialogue::MotionOrVelocityUpdate,1,structural_lane_needs_exact_owner_or_scene,pending_exact_owner_scene_or_cutscene_name,family_romance_general,resolve_exact_family_romance_npc_branch,resolve exact npc by nested text branch or event flag,1,$0B,MountainAnglerFishingSignDialogue_MotionOrVelocityUpdate_Entry011,pending,0,1,resolve exact NPC/family/romance/cutscene branch
structural::ObjectAnimalHouseUpgradeDialogHub::ScriptControlEntry,1,structural_lane_needs_exact_owner_or_scene,pending_exact_owner_scene_or_cutscene_name,object_visual_setup,cross_with_gobj_final_sprite_table,cross_with_gobj_final_sprite_table,1,$00,ObjectAnimalHouseUpgradeDialogHub_ScriptControlEntry_Entry046,pending,0,1,cross with final GOBJ/sprite table
structural::StewCookingPotDialogueAlias::DialogueFlow,1,structural_lane_needs_exact_owner_or_scene,pending_exact_owner_scene_or_cutscene_name,family_romance_general,resolve_exact_family_romance_npc_branch,resolve exact npc by nested text branch or event flag,1,$47,StewCookingPotDialogueAlias_DialogueFlow_Entry025,pending,0,1,resolve exact NPC/family/romance/cutscene branch
structural::StewCookingPotEventDialogue::VisualObjectSetup,1,structural_lane_needs_exact_owner_or_scene,pending_exact_owner_scene_or_cutscene_name,family_romance_general,cross_with_gobj_final_sprite_table,cross_with_gobj_final_sprite_table,1,$26,StewCookingPotEventDialogue_VisualObjectSetup_Entry001,pending,0,1,cross with final GOBJ/sprite table
structural::TableDrivenEventScript_5CCluster::AudioCue,1,structural_lane_needs_exact_owner_or_scene,pending_exact_owner_scene_or_cutscene_name,family_romance_general,resolve_exact_family_romance_npc_branch,verify_eve_specific_branch_by_text_or_schedule_table,1,$1C,TableDrivenEventScript_5CCluster_AudioCue_Entry001,pending,0,1,resolve exact NPC/family/romance/cutscene branch
structural::TableDrivenEventScript_5FCluster_B::AudioCue,1,structural_lane_needs_exact_owner_or_scene,pending_exact_owner_scene_or_cutscene_name,family_romance_general,resolve_exact_family_romance_npc_branch,verify_eve_specific_branch_by_text_or_schedule_table,1,$31,TableDrivenEventScript_5FCluster_B_AudioCue_Entry000,pending,0,1,resolve exact NPC/family/romance/cutscene branch
structural::TableDrivenEventScript_75Cluster::TransitionFlow,1,structural_lane_needs_exact_owner_or_scene,pending_exact_owner_scene_or_cutscene_name,family_romance_general,resolve_exact_family_romance_npc_branch,verify_eve_specific_branch_by_text_or_schedule_table,1,$23,TableDrivenEventScript_75Cluster_TransitionFlow_Entry000,pending,0,1,resolve exact NPC/family/romance/cutscene branch
structural::TableDrivenEventScript_76Cluster::AudioCue,1,structural_lane_needs_exact_owner_or_scene,pending_exact_owner_scene_or_cutscene_name,family_romance_general,resolve_exact_family_romance_npc_branch,verify_eve_specific_branch_by_text_or_schedule_table,1,$32,TableDrivenEventScript_76Cluster_AudioCue_Entry000,pending,0,1,resolve exact NPC/family/romance/cutscene branch
structural::TableDrivenEventScript_92Cluster::AudioCue,1,structural_lane_needs_exact_owner_or_scene,pending_exact_owner_scene_or_cutscene_name,family_romance_general,resolve_exact_family_romance_npc_branch,verify_eve_specific_branch_by_text_or_schedule_table,1,$39,TableDrivenEventScript_92Cluster_AudioCue_Entry000,pending,0,1,resolve exact NPC/family/romance/cutscene branch
structural::TableDrivenEventScript_CFCluster::AudioCue,1,structural_lane_needs_exact_owner_or_scene,pending_exact_owner_scene_or_cutscene_name,family_romance_general,resolve_exact_family_romance_npc_branch,verify_eve_specific_branch_by_text_or_schedule_table,1,$40,TableDrivenEventScript_CFCluster_AudioCue_Entry000,pending,0,1,resolve exact NPC/family/romance/cutscene branch
structural::TableDrivenEventScript_E3Cluster::AudioCue,1,structural_lane_needs_exact_owner_or_scene,pending_exact_owner_scene_or_cutscene_name,family_romance_general,resolve_exact_family_romance_npc_branch,verify_eve_specific_branch_by_text_or_schedule_table,1,$2F,TableDrivenEventScript_E3Cluster_AudioCue_Entry000,pending,0,1,resolve exact NPC/family/romance/cutscene branch
structural::TableDrivenEventScript_E5Cluster::AudioCue,1,structural_lane_needs_exact_owner_or_scene,pending_exact_owner_scene_or_cutscene_name,family_romance_general,resolve_exact_family_romance_npc_branch,verify_eve_specific_branch_by_text_or_schedule_table,1,$17,TableDrivenEventScript_E5Cluster_AudioCue_Entry000,pending,0,1,resolve exact NPC/family/romance/cutscene branch
structural::TableDrivenEventScript_EACluster::AudioCue,1,structural_lane_needs_exact_owner_or_scene,pending_exact_owner_scene_or_cutscene_name,family_romance_general,resolve_exact_family_romance_npc_branch,verify_eve_specific_branch_by_text_or_schedule_table,1,$33,TableDrivenEventScript_EACluster_AudioCue_Entry000,pending,0,1,resolve exact NPC/family/romance/cutscene branch
structural::TableDrivenEventScript_ECCluster::AudioCue,1,structural_lane_needs_exact_owner_or_scene,pending_exact_owner_scene_or_cutscene_name,family_romance_general,resolve_exact_family_romance_npc_branch,verify_eve_specific_branch_by_text_or_schedule_table,1,$36,TableDrivenEventScript_ECCluster_AudioCue_Entry000,pending,0,1,resolve exact NPC/family/romance/cutscene branch
structural::TableDrivenEventScript_F2Cluster_B::AudioCue,1,structural_lane_needs_exact_owner_or_scene,pending_exact_owner_scene_or_cutscene_name,family_romance_general,resolve_exact_family_romance_npc_branch,verify_eve_specific_branch_by_text_or_schedule_table,1,$1B,TableDrivenEventScript_F2Cluster_B_AudioCue_Entry001,pending,0,1,resolve exact NPC/family/romance/cutscene branch
structural::ToolSelectedEventToolMirrorRouter_A::AudioCue,1,structural_lane_needs_exact_owner_or_scene,pending_exact_owner_scene_or_cutscene_name,family_romance_general,resolve_exact_family_romance_npc_branch,verify_eve_specific_branch_by_text_or_schedule_table,1,$34,ToolSelectedEventToolMirrorRouter_A_AudioCue_Entry000,pending,0,1,resolve exact NPC/family/romance/cutscene branch
structural::ToolSelectedEventToolMirrorRouter_B::AudioCue,1,structural_lane_needs_exact_owner_or_scene,pending_exact_owner_scene_or_cutscene_name,family_romance_general,resolve_exact_family_romance_npc_branch,verify_eve_specific_branch_by_text_or_schedule_table,1,$35,ToolSelectedEventToolMirrorRouter_B_AudioCue_Entry000,pending,0,1,resolve exact NPC/family/romance/cutscene branch
structural::ToolSelectedEventToolMirrorRouter_C::AudioCue,1,structural_lane_needs_exact_owner_or_scene,pending_exact_owner_scene_or_cutscene_name,family_romance_general,resolve_exact_family_romance_npc_branch,verify_eve_specific_branch_by_text_or_schedule_table,1,$37,ToolSelectedEventToolMirrorRouter_C_AudioCue_Entry000,pending,0,1,resolve exact NPC/family/romance/cutscene branch
structural::ToolSelectedEventToolMirrorRouter_D::AudioCue,1,structural_lane_needs_exact_owner_or_scene,pending_exact_owner_scene_or_cutscene_name,family_romance_general,resolve_exact_family_romance_npc_branch,verify_eve_specific_branch_by_text_or_schedule_table,1,$41,ToolSelectedEventToolMirrorRouter_D_AudioCue_Entry000,pending,0,1,resolve exact NPC/family/romance/cutscene branch
domain::CowLivestockEvent::VisualObjectSetup,78,domain_specific_needs_exact_scene_name,pending_exact_scene_name,animal_livestock,review_against_map_npc_sprite_schedule_table,verify_against_map_npc_or_sprite_table,2,$00 $2A $2B $2C $2D,CowLivestockEvent_VisualObjectSetup_Entry003 | CowLivestockEvent_VisualObjectSetup_Entry004 | CowLivestockEvent_VisualObjectSetup_Entry005,closed,78,0,closed by direct anchor or domain-specific exact area closure
domain::ChickenPoultryEvent::PromptTextFlow,32,domain_specific_needs_exact_scene_name,pending_exact_scene_name,animal_livestock,review_against_map_npc_sprite_schedule_table,verify_against_map_npc_or_sprite_table,2,$1F $38,ChickenPoultryEvent_PromptTextFlow_Entry000 | ChickenPoultryEvent_PromptTextFlow_Entry001 | ChickenPoultryEvent_PromptTextFlow_Entry002,closed,32,0,closed by direct anchor or domain-specific exact area closure
domain::WeatherFarmWarning::ScriptControlEntry,25,domain_specific_needs_exact_scene_name,pending_exact_scene_name,farm_crop_weather,review_against_map_npc_sprite_schedule_table,verify_against_map_npc_or_sprite_table,2,$04 $06 $07,WeatherFarmWarning_ScriptControlEntry_Entry008 | WeatherFarmWarning_ScriptControlEntry_Entry009 | WeatherFarmWarning_ScriptControlEntry_Entry010,closed,25,0,closed by direct anchor or domain-specific exact area closure
domain::CowLivestockEvent::ObjectParamSetup,20,domain_specific_needs_exact_scene_name,pending_exact_scene_name,animal_livestock,review_against_map_npc_sprite_schedule_table,verify_against_map_npc_or_sprite_table,2,$00,CowLivestockEvent_ObjectParamSetup_Entry012 | CowLivestockEvent_ObjectParamSetup_Entry013 | CowLivestockEvent_ObjectParamSetup_Entry014,closed,20,0,closed by direct anchor or domain-specific exact area closure
domain::GeneralLivestockEvent::VisualObjectSetup,18,domain_specific_needs_exact_scene_name,pending_exact_scene_name,animal_livestock,review_against_map_npc_sprite_schedule_table,verify_against_map_npc_or_sprite_table,2,$00,GeneralLivestockEvent_VisualObjectSetup_Entry031 | GeneralLivestockEvent_VisualObjectSetup_Entry035 | GeneralLivestockEvent_VisualObjectSetup_Entry048,closed,18,0,closed by direct anchor or domain-specific exact area closure
domain::CowLivestockEvent::PromptTextFlow,15,domain_specific_needs_exact_scene_name,pending_exact_scene_name,animal_livestock,review_against_map_npc_sprite_schedule_table,verify_against_map_npc_or_sprite_table,2,$34,CowLivestockEvent_PromptTextFlow_Entry001 | CowLivestockEvent_PromptTextFlow_Entry002 | CowLivestockEvent_PromptTextFlow_Entry003,closed,15,0,closed by direct anchor or domain-specific exact area closure
domain::ShippingStatus::MotionOrVelocityUpdate,15,domain_specific_needs_exact_scene_name,pending_exact_scene_name,shipping_or_status,review_against_map_npc_sprite_schedule_table,verify_against_map_npc_or_sprite_table,2,$30,ShippingStatus_MotionOrVelocityUpdate_Entry001 | ShippingStatus_MotionOrVelocityUpdate_Entry002 | ShippingStatus_MotionOrVelocityUpdate_Entry003,closed,15,0,closed by direct anchor or domain-specific exact area closure
domain::ShippingStatus::AudioCue,13,domain_specific_needs_exact_scene_name,pending_exact_scene_name,shipping_or_status,review_against_map_npc_sprite_schedule_table,verify_against_map_npc_or_sprite_table,2,$30 $46,ShippingStatus_AudioCue_Entry000 | ShippingStatus_AudioCue_Entry000 | ShippingStatus_AudioCue_Entry001,closed,13,0,closed by direct anchor or domain-specific exact area closure
domain::FestivalEvent::ScriptControlEntry,12,domain_specific_needs_exact_scene_name,pending_exact_scene_name,festival_event,review_against_map_npc_sprite_schedule_table,verify_against_map_npc_or_sprite_table,2,$24,FestivalEvent_ScriptControlEntry_Entry004 | FestivalEvent_ScriptControlEntry_Entry005 | FestivalEvent_ScriptControlEntry_Entry006,closed,12,0,closed by direct anchor or domain-specific exact area closure
domain::FestivalEvent::MotionOrVelocityUpdate,11,domain_specific_needs_exact_scene_name,pending_exact_scene_name,festival_event,review_against_map_npc_sprite_schedule_table,verify_against_map_npc_or_sprite_table,2,$44,FestivalEvent_MotionOrVelocityUpdate_Entry005 | FestivalEvent_MotionOrVelocityUpdate_Entry006 | FestivalEvent_MotionOrVelocityUpdate_Entry007,closed,11,0,closed by direct anchor or domain-specific exact area closure
domain::WeatherFarmWarning::FlagUpdate,8,domain_specific_needs_exact_scene_name,pending_exact_scene_name,farm_crop_weather,review_against_map_npc_sprite_schedule_table,verify_against_map_npc_or_sprite_table,2,$08,WeatherFarmWarning_FlagUpdate_Entry008 | WeatherFarmWarning_FlagUpdate_Entry009 | WeatherFarmWarning_FlagUpdate_Entry010,closed,8,0,closed by direct anchor or domain-specific exact area closure
domain::FestivalEvent::FlagUpdate,5,domain_specific_needs_exact_scene_name,pending_exact_scene_name,festival_event,review_against_map_npc_sprite_schedule_table,verify_against_map_npc_or_sprite_table,2,$01,FestivalEvent_FlagUpdate_Entry011 | FestivalEvent_FlagUpdate_Entry012 | FestivalEvent_FlagUpdate_Entry013,closed,5,0,closed by direct anchor or domain-specific exact area closure
domain::CowLivestockEvent::DialogueFlow,4,domain_specific_needs_exact_scene_name,pending_exact_scene_name,animal_livestock,review_against_map_npc_sprite_schedule_table,verify_against_map_npc_or_sprite_table,2,$08 $0B $45,CowLivestockEvent_DialogueFlow_Entry005 | CowLivestockEvent_DialogueFlow_Entry010 | CowLivestockEvent_DialogueFlow_Entry000,closed,4,0,closed by direct anchor or domain-specific exact area closure
domain::ChickenPoultryEvent::VisualObjectSetup,3,domain_specific_needs_exact_scene_name,pending_exact_scene_name,animal_livestock,review_against_map_npc_sprite_schedule_table,verify_against_map_npc_or_sprite_table,2,$00,ChickenPoultryEvent_VisualObjectSetup_Entry000 | ChickenPoultryEvent_VisualObjectSetup_Entry001 | ChickenPoultryEvent_VisualObjectSetup_Entry002,closed,3,0,closed by direct anchor or domain-specific exact area closure
domain::ShippingStatus::ScriptControlEntry,3,domain_specific_needs_exact_scene_name,pending_exact_scene_name,shipping_or_status,review_against_map_npc_sprite_schedule_table,verify_against_map_npc_or_sprite_table,2,$46,ShippingStatus_ScriptControlEntry_Entry013 | ShippingStatus_ScriptControlEntry_Entry014 | ShippingStatus_ScriptControlEntry_Entry015,closed,3,0,closed by direct anchor or domain-specific exact area closure
domain::ChickenPoultryEvent::DialogueFlow,1,domain_specific_needs_exact_scene_name,pending_exact_scene_name,animal_livestock,review_against_map_npc_sprite_schedule_table,verify_against_map_npc_or_sprite_table,2,$26,ChickenPoultryEvent_DialogueFlow_Entry000,closed,1,0,closed by direct anchor or domain-specific exact area closure
domain::CowLivestockEvent::StateGateRouter,1,domain_specific_needs_exact_scene_name,pending_exact_scene_name,animal_livestock,review_against_map_npc_sprite_schedule_table,verify_against_map_npc_or_sprite_table,2,$00,CowLivestockEvent_StateGateRouter_Entry018,closed,1,0,closed by direct anchor or domain-specific exact area closure
domain::FestivalEvent::StateGateRouter,1,domain_specific_needs_exact_scene_name,pending_exact_scene_name,festival_event,review_against_map_npc_sprite_schedule_table,verify_against_map_npc_or_sprite_table,2,$01,FestivalEvent_StateGateRouter_Entry008,closed,1,0,closed by direct anchor or domain-specific exact area closure
domain::FestivalEvent::TransitionFlow,1,domain_specific_needs_exact_scene_name,pending_exact_scene_name,festival_event,review_against_map_npc_sprite_schedule_table,verify_against_map_npc_or_sprite_table,2,$01,FestivalEvent_TransitionFlow_Entry000,closed,1,0,closed by direct anchor or domain-specific exact area closure
domain::GeneralLivestockEvent::DialogueFlow,1,domain_specific_needs_exact_scene_name,pending_exact_scene_name,animal_livestock,review_against_map_npc_sprite_schedule_table,verify_against_map_npc_or_sprite_table,2,$24,GeneralLivestockEvent_DialogueFlow_Entry002,closed,1,0,closed by direct anchor or domain-specific exact area closure
domain::GeneralLivestockEvent::ObjectParamSetup,1,domain_specific_needs_exact_scene_name,pending_exact_scene_name,animal_livestock,review_against_map_npc_sprite_schedule_table,verify_against_map_npc_or_sprite_table,2,$00,GeneralLivestockEvent_ObjectParamSetup_Entry020,closed,1,0,closed by direct anchor or domain-specific exact area closure
closed::Maria_DialogueFlow_Entry001,5,confirmed_direct_anchor,closed_for_pass90,bachelorette_exact,no_manual_review_required_unless_renaming_style_changes,optional_review_only,4,$01 $02 $03 $04 $07,Maria_DialogueFlow_Entry001 | Maria_DialogueFlow_Entry001 | Maria_DialogueFlow_Entry001,closed,5,0,closed by direct anchor or domain-specific exact area closure
closed::AnimalLivestock_DialogueFlow_Entry002,2,confirmed_direct_anchor,closed_for_pass90,animal_livestock,no_manual_review_required_unless_renaming_style_changes,optional_review_only,4,$06 $08,AnimalLivestock_DialogueFlow_Entry002 | AnimalLivestock_DialogueFlow_Entry002,closed,2,0,closed by direct anchor or domain-specific exact area closure
closed::Ann_DialogueFlow_Entry003,2,confirmed_direct_anchor,closed_for_pass90,bachelorette_exact,no_manual_review_required_unless_renaming_style_changes,optional_review_only,4,$04 $07,Ann_DialogueFlow_Entry003 | Ann_DialogueFlow_Entry003,closed,2,0,closed by direct anchor or domain-specific exact area closure
closed::BabyChildFamily_DialogueFlow_Entry002,2,confirmed_direct_anchor,closed_for_pass90,family_child,no_manual_review_required_unless_renaming_style_changes,optional_review_only,4,$03 $43,BabyChildFamily_DialogueFlow_Entry002 | BabyChildFamily_DialogueFlow_Entry002,closed,2,0,closed by direct anchor or domain-specific exact area closure
closed::BabyChildFamily_DialogueFlow_Entry003,2,confirmed_direct_anchor,closed_for_pass90,family_child,no_manual_review_required_unless_renaming_style_changes,optional_review_only,4,$02 $43,BabyChildFamily_DialogueFlow_Entry003 | BabyChildFamily_DialogueFlow_Entry003,closed,2,0,closed by direct anchor or domain-specific exact area closure
closed::BabyChildFamily_DialogueFlow_Entry006,2,confirmed_direct_anchor,closed_for_pass90,family_child,no_manual_review_required_unless_renaming_style_changes,optional_review_only,4,$04 $06,BabyChildFamily_DialogueFlow_Entry006 | BabyChildFamily_DialogueFlow_Entry006,closed,2,0,closed by direct anchor or domain-specific exact area closure
closed::ChurchPriest_DialogueFlow_Entry000,2,confirmed_direct_anchor,closed_for_pass90,church_priest,no_manual_review_required_unless_renaming_style_changes,optional_review_only,4,$06 $08,ChurchPriest_DialogueFlow_Entry000 | ChurchPriest_DialogueFlow_Entry000,closed,2,0,closed by direct anchor or domain-specific exact area closure
closed::Ellen_DialogueFlow_Entry004,2,confirmed_direct_anchor,closed_for_pass90,bachelorette_exact,no_manual_review_required_unless_renaming_style_changes,optional_review_only,4,$04 $07,Ellen_DialogueFlow_Entry004 | Ellen_DialogueFlow_Entry004,closed,2,0,closed by direct anchor or domain-specific exact area closure
closed::Maria_DialogueFlow_Entry000,2,confirmed_direct_anchor,closed_for_pass90,bachelorette_exact,no_manual_review_required_unless_renaming_style_changes,optional_review_only,4,$04 $07,Maria_DialogueFlow_Entry000 | Maria_DialogueFlow_Entry000,closed,2,0,closed by direct anchor or domain-specific exact area closure
closed::Maria_DialogueFlow_Entry002,2,confirmed_direct_anchor,closed_for_pass90,bachelorette_exact,no_manual_review_required_unless_renaming_style_changes,optional_review_only,4,$01 $02,Maria_DialogueFlow_Entry002 | Maria_DialogueFlow_Entry002,closed,2,0,closed by direct anchor or domain-specific exact area closure
closed::Maria_DialogueFlow_Entry005,2,confirmed_direct_anchor,closed_for_pass90,bachelorette_exact,no_manual_review_required_unless_renaming_style_changes,optional_review_only,4,$04 $07,Maria_DialogueFlow_Entry005 | Maria_DialogueFlow_Entry005,closed,2,0,closed by direct anchor or domain-specific exact area closure
closed::WeatherFarmWarning_DialogueFlow_Entry003,2,confirmed_direct_anchor,closed_for_pass90,weather_farm_warning,no_manual_review_required_unless_renaming_style_changes,optional_review_only,4,$06 $08,WeatherFarmWarning_DialogueFlow_Entry003 | WeatherFarmWarning_DialogueFlow_Entry003,closed,2,0,closed by direct anchor or domain-specific exact area closure
closed::WeatherFarmWarning_DialogueFlow_Entry007,2,confirmed_direct_anchor,closed_for_pass90,weather_farm_warning,no_manual_review_required_unless_renaming_style_changes,optional_review_only,4,$04 $07,WeatherFarmWarning_DialogueFlow_Entry007 | WeatherFarmWarning_DialogueFlow_Entry007,closed,2,0,closed by direct anchor or domain-specific exact area closure
closed::WifeFamilyRoutine_DialogueFlow_Entry000,2,confirmed_direct_anchor,closed_for_pass90,wife_family,no_manual_review_required_unless_renaming_style_changes,optional_review_only,4,$02 $44,WifeFamilyRoutine_DialogueFlow_Entry000 | WifeFamilyRoutine_DialogueFlow_Entry000,closed,2,0,closed by direct anchor or domain-specific exact area closure
closed::WifeFamilyRoutine_DialogueFlow_Entry002,2,confirmed_direct_anchor,closed_for_pass90,wife_family,no_manual_review_required_unless_renaming_style_changes,optional_review_only,4,$07 $44,WifeFamilyRoutine_DialogueFlow_Entry002 | WifeFamilyRoutine_DialogueFlow_Entry002,closed,2,0,closed by direct anchor or domain-specific exact area closure
closed::WifeFamilyRoutine_DialogueFlow_Entry004,2,confirmed_direct_anchor,closed_for_pass90,wife_family,no_manual_review_required_unless_renaming_style_changes,optional_review_only,4,$08 $44,WifeFamilyRoutine_DialogueFlow_Entry004 | WifeFamilyRoutine_DialogueFlow_Entry004,closed,2,0,closed by direct anchor or domain-specific exact area closure
closed::AnimalLivestock_DialogueFlow_Entry000,1,confirmed_direct_anchor,closed_for_pass90,animal_livestock,no_manual_review_required_unless_renaming_style_changes,optional_review_only,4,$15,AnimalLivestock_DialogueFlow_Entry000,closed,1,0,closed by direct anchor or domain-specific exact area closure
closed::AnimalLivestock_DialogueFlow_Entry004,1,confirmed_direct_anchor,closed_for_pass90,animal_livestock,no_manual_review_required_unless_renaming_style_changes,optional_review_only,4,$06,AnimalLivestock_DialogueFlow_Entry004,closed,1,0,closed by direct anchor or domain-specific exact area closure
closed::AnimalLivestock_DialogueFlow_Entry006,1,confirmed_direct_anchor,closed_for_pass90,animal_livestock,no_manual_review_required_unless_renaming_style_changes,optional_review_only,4,$08,AnimalLivestock_DialogueFlow_Entry006,closed,1,0,closed by direct anchor or domain-specific exact area closure
closed::AnimalLivestock_DialogueFlow_Entry010,1,confirmed_direct_anchor,closed_for_pass90,animal_livestock,no_manual_review_required_unless_renaming_style_changes,optional_review_only,4,$01,AnimalLivestock_DialogueFlow_Entry010,closed,1,0,closed by direct anchor or domain-specific exact area closure
closed::AnimalLivestock_DialogueFlow_Entry095,1,confirmed_direct_anchor,closed_for_pass90,animal_livestock,no_manual_review_required_unless_renaming_style_changes,optional_review_only,4,$00,AnimalLivestock_DialogueFlow_Entry095,closed,1,0,closed by direct anchor or domain-specific exact area closure
closed::Ann_DialogueFlow_Entry004,1,confirmed_direct_anchor,closed_for_pass90,bachelorette_exact,no_manual_review_required_unless_renaming_style_changes,optional_review_only,4,$01,Ann_DialogueFlow_Entry004,closed,1,0,closed by direct anchor or domain-specific exact area closure
closed::BabyChildFamily_DialogueFlow_Entry000,1,confirmed_direct_anchor,closed_for_pass90,family_child,no_manual_review_required_unless_renaming_style_changes,optional_review_only,4,$43,BabyChildFamily_DialogueFlow_Entry000,closed,1,0,closed by direct anchor or domain-specific exact area closure
closed::BabyChildFamily_DialogueFlow_Entry001,1,confirmed_direct_anchor,closed_for_pass90,family_child,no_manual_review_required_unless_renaming_style_changes,optional_review_only,4,$43,BabyChildFamily_DialogueFlow_Entry001,closed,1,0,closed by direct anchor or domain-specific exact area closure
closed::BabyChildFamily_DialogueFlow_Entry004,1,confirmed_direct_anchor,closed_for_pass90,family_child,no_manual_review_required_unless_renaming_style_changes,optional_review_only,4,$43,BabyChildFamily_DialogueFlow_Entry004,closed,1,0,closed by direct anchor or domain-specific exact area closure
closed::BlueFeatherMarriageProposal_DialogueFlow_Entry000,1,confirmed_direct_anchor,closed_for_pass90,romance_marriage_item,no_manual_review_required_unless_renaming_style_changes,optional_review_only,4,$03,BlueFeatherMarriageProposal_DialogueFlow_Entry000,closed,1,0,closed by direct anchor or domain-specific exact area closure
closed::BookcaseSignManual_DialogueFlow_Entry001,1,confirmed_direct_anchor,closed_for_pass90,sign_manual_bookshelf,no_manual_review_required_unless_renaming_style_changes,optional_review_only,4,$24,BookcaseSignManual_DialogueFlow_Entry001,closed,1,0,closed by direct anchor or domain-specific exact area closure
closed::BookcaseSignManual_DialogueFlow_Entry003,1,confirmed_direct_anchor,closed_for_pass90,sign_manual_bookshelf,no_manual_review_required_unless_renaming_style_changes,optional_review_only,4,$24,BookcaseSignManual_DialogueFlow_Entry003,closed,1,0,closed by direct anchor or domain-specific exact area closure
closed::BookcaseSignManual_DialogueFlow_Entry007,1,confirmed_direct_anchor,closed_for_pass90,sign_manual_bookshelf,no_manual_review_required_unless_renaming_style_changes,optional_review_only,4,$08,BookcaseSignManual_DialogueFlow_Entry007,closed,1,0,closed by direct anchor or domain-specific exact area closure
closed::BookcaseSignManual_DialogueFlow_Entry008,1,confirmed_direct_anchor,closed_for_pass90,sign_manual_bookshelf,no_manual_review_required_unless_renaming_style_changes,optional_review_only,4,$0B,BookcaseSignManual_DialogueFlow_Entry008,closed,1,0,closed by direct anchor or domain-specific exact area closure
closed::BookcaseSignManual_DialogueFlow_Entry009,1,confirmed_direct_anchor,closed_for_pass90,sign_manual_bookshelf,no_manual_review_required_unless_renaming_style_changes,optional_review_only,4,$0B,BookcaseSignManual_DialogueFlow_Entry009,closed,1,0,closed by direct anchor or domain-specific exact area closure
closed::CarpenterHouseUpgrade_DialogueFlow_Entry009,1,confirmed_direct_anchor,closed_for_pass90,carpenter_house_upgrade,no_manual_review_required_unless_renaming_style_changes,optional_review_only,4,$01,CarpenterHouseUpgrade_DialogueFlow_Entry009,closed,1,0,closed by direct anchor or domain-specific exact area closure
closed::CarpenterHouseUpgrade_DialogueFlow_Entry134,1,confirmed_direct_anchor,closed_for_pass90,carpenter_house_upgrade,no_manual_review_required_unless_renaming_style_changes,optional_review_only,4,$00,CarpenterHouseUpgrade_DialogueFlow_Entry134,closed,1,0,closed by direct anchor or domain-specific exact area closure
closed::CarpenterHouseUpgrade_DialogueFlow_Entry135,1,confirmed_direct_anchor,closed_for_pass90,carpenter_house_upgrade,no_manual_review_required_unless_renaming_style_changes,optional_review_only,4,$00,CarpenterHouseUpgrade_DialogueFlow_Entry135,closed,1,0,closed by direct anchor or domain-specific exact area closure
closed::ChurchPriest_DialogueFlow_Entry001,1,confirmed_direct_anchor,closed_for_pass90,church_priest,no_manual_review_required_unless_renaming_style_changes,optional_review_only,4,$06,ChurchPriest_DialogueFlow_Entry001,closed,1,0,closed by direct anchor or domain-specific exact area closure
closed::Ellen_DialogueFlow_Entry005,1,confirmed_direct_anchor,closed_for_pass90,bachelorette_exact,no_manual_review_required_unless_renaming_style_changes,optional_review_only,4,$01,Ellen_DialogueFlow_Entry005,closed,1,0,closed by direct anchor or domain-specific exact area closure
closed::Ellen_DialogueFlow_Entry006,1,confirmed_direct_anchor,closed_for_pass90,bachelorette_exact,no_manual_review_required_unless_renaming_style_changes,optional_review_only,4,$07,Ellen_DialogueFlow_Entry006,closed,1,0,closed by direct anchor or domain-specific exact area closure
closed::Ellen_DialogueFlow_Entry007,1,confirmed_direct_anchor,closed_for_pass90,bachelorette_exact,no_manual_review_required_unless_renaming_style_changes,optional_review_only,4,$01,Ellen_DialogueFlow_Entry007,closed,1,0,closed by direct anchor or domain-specific exact area closure
closed::Eve_DialogueFlow_Entry000,1,confirmed_direct_anchor,closed_for_pass90,bachelorette_exact,no_manual_review_required_unless_renaming_style_changes,optional_review_only,4,$05,Eve_DialogueFlow_Entry000,closed,1,0,closed by direct anchor or domain-specific exact area closure
closed::FestivalEvent_DialogueFlow_Entry000,1,confirmed_direct_anchor,closed_for_pass90,festival_event,no_manual_review_required_unless_renaming_style_changes,optional_review_only,4,$24,FestivalEvent_DialogueFlow_Entry000,closed,1,0,closed by direct anchor or domain-specific exact area closure
closed::Maria_DialogueFlow_Entry006,1,confirmed_direct_anchor,closed_for_pass90,bachelorette_exact,no_manual_review_required_unless_renaming_style_changes,optional_review_only,4,$01,Maria_DialogueFlow_Entry006,closed,1,0,closed by direct anchor or domain-specific exact area closure
closed::Maria_DialogueFlow_Entry012,1,confirmed_direct_anchor,closed_for_pass90,bachelorette_exact,no_manual_review_required_unless_renaming_style_changes,optional_review_only,4,$46,Maria_DialogueFlow_Entry012,closed,1,0,closed by direct anchor or domain-specific exact area closure
closed::Nina_DialogueFlow_Entry002,1,confirmed_direct_anchor,closed_for_pass90,bachelorette_exact,no_manual_review_required_unless_renaming_style_changes,optional_review_only,4,$04,Nina_DialogueFlow_Entry002,closed,1,0,closed by direct anchor or domain-specific exact area closure
closed::Nina_DialogueFlow_Entry003,1,confirmed_direct_anchor,closed_for_pass90,bachelorette_exact,no_manual_review_required_unless_renaming_style_changes,optional_review_only,4,$01,Nina_DialogueFlow_Entry003,closed,1,0,closed by direct anchor or domain-specific exact area closure
closed::Nina_DialogueFlow_Entry004,1,confirmed_direct_anchor,closed_for_pass90,bachelorette_exact,no_manual_review_required_unless_renaming_style_changes,optional_review_only,4,$02,Nina_DialogueFlow_Entry004,closed,1,0,closed by direct anchor or domain-specific exact area closure
closed::RomanceDialogue_DialogueFlow_Entry001,1,confirmed_direct_anchor,closed_for_pass90,romance_general,no_manual_review_required_unless_renaming_style_changes,optional_review_only,4,$08,RomanceDialogue_DialogueFlow_Entry001,closed,1,0,closed by direct anchor or domain-specific exact area closure
closed::WeatherFarmWarning_DialogueFlow_Entry005,1,confirmed_direct_anchor,closed_for_pass90,weather_farm_warning,no_manual_review_required_unless_renaming_style_changes,optional_review_only,4,$06,WeatherFarmWarning_DialogueFlow_Entry005,closed,1,0,closed by direct anchor or domain-specific exact area closure
closed::WifeFamilyRoutine_DialogueFlow_Entry001,1,confirmed_direct_anchor,closed_for_pass90,wife_family,no_manual_review_required_unless_renaming_style_changes,optional_review_only,4,$44,WifeFamilyRoutine_DialogueFlow_Entry001,closed,1,0,closed by direct anchor or domain-specific exact area closure
closed::WifeFamilyRoutine_DialogueFlow_Entry003,1,confirmed_direct_anchor,closed_for_pass90,wife_family,no_manual_review_required_unless_renaming_style_changes,optional_review_only,4,$44,WifeFamilyRoutine_DialogueFlow_Entry003,closed,1,0,closed by direct anchor or domain-specific exact area closure
